file_name,objective,runtime_seconds
hardness_halfcap_sorted_n2000_B100_classes3,1000.0,671.1127581596375
hardness_halfcap_sorted_n2000_B100_classes3_seed2042__few_vars_few_perms_linear_x__seed1564_nonlin.out,1000.0,83.79981684684753
hardness_halfcap_sorted_n2000_B100_classes3_seed2042__few_vars_few_perms_linear_x__seed3797_nonlin.out,1000.0,6.432139158248901
hardness_halfcap_sorted_n2000_B100_classes3_seed2042__few_vars_few_perms_linear_x__seed3816_nonlin.out,1000.0,6.382062911987305
hardness_halfcap_sorted_n2000_B100_classes3_seed2042__few_vars_few_perms_linear_x__seed4607_nonlin.out,1000.0,6.32903790473938
hardness_halfcap_sorted_n2000_B100_classes3_seed2042__few_vars_few_perms_linear_x__seed4642_nonlin.out,1000.0,6.330003023147583
hardness_halfcap_sorted_n2000_B100_classes3_seed2042__few_vars_few_perms_linear_x__seed7164_nonlin.out,1000.0,82.5755410194397
hardness_halfcap_sorted_n2000_B100_classes3_seed2042__few_vars_few_perms_linear_x__seed8892_nonlin.out,1000.0,6.831933975219727
hardness_halfcap_sorted_n2000_B100_classes3_seed2042__few_vars_few_perms_linear_x__seed8950_nonlin.out,1000.0,330.7276909351349
hardness_halfcap_sorted_n2000_B100_classes3_seed2042__few_vars_few_perms_linear_x__seed9620_nonlin.out,1000.0,6.464301824569702
hardness_halfcap_sorted_n2000_B100_classes3_seed2042__few_vars_few_perms_linear_x__seed9672_nonlin.out,1000.0,72.16719388961792
hardness_halfcap_sorted_n2000_B100_classes3_seed2042__few_vars_few_perms_linear_y__seed2113_nonlin.out,1000.0,7.29609489440918
hardness_halfcap_sorted_n2000_B100_classes3_seed2042__few_vars_few_perms_linear_y__seed2600_nonlin.out,1000.0,111.40529298782349
hardness_halfcap_sorted_n2000_B100_classes3_seed2042__few_vars_few_perms_linear_y__seed3574_nonlin.out,1000.0,6.8238890171051025
hardness_halfcap_sorted_n2000_B100_classes3_seed2042__few_vars_few_perms_linear_y__seed3619_nonlin.out,1000.0,6.794245004653931
hardness_halfcap_sorted_n2000_B100_classes3_seed2042__few_vars_few_perms_linear_y__seed4301_nonlin.out,1000.0,110.24369502067566
hardness_halfcap_sorted_n2000_B100_classes3_seed2042__few_vars_few_perms_linear_y__seed4454_nonlin.out,1000.0,7.106855869293213
hardness_halfcap_sorted_n2000_B100_classes3_seed2042__few_vars_few_perms_linear_y__seed5522_nonlin.out,1000.0,719.977019071579
hardness_halfcap_sorted_n2000_B100_classes3_seed2042__few_vars_few_perms_linear_y__seed6189_nonlin.out,1000.0,463.83883595466614
hardness_halfcap_sorted_n2000_B100_classes3_seed2042__few_vars_few_perms_linear_y__seed6405_nonlin.out,1000.0,224.62930297851562
hardness_halfcap_sorted_n2000_B100_classes3_seed2042__few_vars_few_perms_linear_y__seed8191_nonlin.out,1000.0,93.56141495704651
hardness_halfcap_sorted_n2000_B100_classes3_seed2042__few_vars_few_perms_mixed__seed1398_nonlin.out,1000.0,6.614683151245117
hardness_halfcap_sorted_n2000_B100_classes3_seed2042__few_vars_few_perms_mixed__seed1989_nonlin.out,1000.0,6.5798468589782715
hardness_halfcap_sorted_n2000_B100_classes3_seed2042__few_vars_few_perms_mixed__seed2823_nonlin.out,1000.0,6.718212127685547
hardness_halfcap_sorted_n2000_B100_classes3_seed2042__few_vars_few_perms_mixed__seed4373_nonlin.out,1000.0,6.8474040031433105
hardness_halfcap_sorted_n2000_B100_classes3_seed2042__few_vars_few_perms_mixed__seed5196_nonlin.out,1000.0,6.2979888916015625
hardness_halfcap_sorted_n2000_B100_classes3_seed2042__few_vars_few_perms_mixed__seed7376_nonlin.out,1000.0,6.87326192855835
hardness_halfcap_sorted_n2000_B100_classes3_seed2042__few_vars_few_perms_mixed__seed7884_nonlin.out,1000.0,6.719351053237915
hardness_halfcap_sorted_n2000_B100_classes3_seed2042__few_vars_few_perms_mixed__seed8346_nonlin.out,1000.0,6.342148065567017
hardness_halfcap_sorted_n2000_B100_classes3_seed2042__few_vars_few_perms_mixed__seed8543_nonlin.out,1000.0,7.683896064758301
hardness_halfcap_sorted_n2000_B100_classes3_seed2042__few_vars_few_perms_mixed__seed9561_nonlin.out,1000.0,6.57712197303772
hardness_halfcap_sorted_n2000_B100_classes3_seed2042__few_vars_few_perms_only_xs__seed1874_nonlin.out,1000.0,243.0523271560669
hardness_halfcap_sorted_n2000_B100_classes3_seed2042__few_vars_few_perms_only_xs__seed3492_nonlin.out,1000.0,6.743049144744873
hardness_halfcap_sorted_n2000_B100_classes3_seed2042__few_vars_few_perms_only_xs__seed3812_nonlin.out,1000.0,6.595071792602539
hardness_halfcap_sorted_n2000_B100_classes3_seed2042__few_vars_few_perms_only_xs__seed4580_nonlin.out,1000.0,6.624101161956787
hardness_halfcap_sorted_n2000_B100_classes3_seed2042__few_vars_few_perms_only_xs__seed4713_nonlin.out,1000.0,6.679847955703735
hardness_halfcap_sorted_n2000_B100_classes3_seed2042__few_vars_few_perms_only_xs__seed5210_nonlin.out,1000.0,6.635503053665161
hardness_halfcap_sorted_n2000_B100_classes3_seed2042__few_vars_few_perms_only_xs__seed5761_nonlin.out,1000.0,7.985913991928101
hardness_halfcap_sorted_n2000_B100_classes3_seed2042__few_vars_few_perms_only_xs__seed6156_nonlin.out,1000.0,6.70336389541626
hardness_halfcap_sorted_n2000_B100_classes3_seed2042__few_vars_few_perms_only_xs__seed6572_nonlin.out,1000.0,95.18460202217102
hardness_halfcap_sorted_n2000_B100_classes3_seed2042__few_vars_few_perms_only_xs__seed9162_nonlin.out,1000.0,6.640022039413452
hardness_halfcap_sorted_n2000_B100_classes3_seed2042__few_vars_few_perms_only_ys__seed1089_nonlin.out,1000.0,6.344580888748169
hardness_halfcap_sorted_n2000_B100_classes3_seed2042__few_vars_few_perms_only_ys__seed1552_nonlin.out,1000.0,6.328579902648926
hardness_halfcap_sorted_n2000_B100_classes3_seed2042__few_vars_few_perms_only_ys__seed1560_nonlin.out,1000.0,5.996463060379028
hardness_halfcap_sorted_n2000_B100_classes3_seed2042__few_vars_few_perms_only_ys__seed1759_nonlin.out,1000.0,6.324088096618652
hardness_halfcap_sorted_n2000_B100_classes3_seed2042__few_vars_few_perms_only_ys__seed2746_nonlin.out,1000.0,6.2415549755096436
hardness_halfcap_sorted_n2000_B100_classes3_seed2042__few_vars_few_perms_only_ys__seed5397_nonlin.out,1000.0,6.054509162902832
hardness_halfcap_sorted_n2000_B100_classes3_seed2042__few_vars_few_perms_only_ys__seed5619_nonlin.out,1000.0,197.99763202667236
hardness_halfcap_sorted_n2000_B100_classes3_seed2042__few_vars_few_perms_only_ys__seed7357_nonlin.out,1000.0,6.375155925750732
hardness_halfcap_sorted_n2000_B100_classes3_seed2042__few_vars_few_perms_only_ys__seed7858_nonlin.out,1000.0,5.959428071975708
hardness_halfcap_sorted_n2000_B100_classes3_seed2042__few_vars_few_perms_only_ys__seed9487_nonlin.out,1000.0,6.001255035400391
hardness_halfcap_sorted_n2000_B100_classes3_seed2042__few_vars_few_perms_separate__seed2956_nonlin.out,1000.0,6.76485800743103
hardness_halfcap_sorted_n2000_B100_classes3_seed2042__few_vars_few_perms_separate__seed3058_nonlin.out,1000.0,6.434417009353638
hardness_halfcap_sorted_n2000_B100_classes3_seed2042__few_vars_few_perms_separate__seed5444_nonlin.out,1000.0,6.768939018249512
hardness_halfcap_sorted_n2000_B100_classes3_seed2042__few_vars_few_perms_separate__seed5590_nonlin.out,1000.0,6.870388031005859
hardness_halfcap_sorted_n2000_B100_classes3_seed2042__few_vars_few_perms_separate__seed5619_nonlin.out,1000.0,6.736302137374878
hardness_halfcap_sorted_n2000_B100_classes3_seed2042__few_vars_few_perms_separate__seed6780_nonlin.out,1000.0,6.7401769161224365
hardness_halfcap_sorted_n2000_B100_classes3_seed2042__few_vars_few_perms_separate__seed7748_nonlin.out,1000.0,6.709444999694824
hardness_halfcap_sorted_n2000_B100_classes3_seed2042__few_vars_few_perms_separate__seed8239_nonlin.out,1000.0,6.794274091720581
hardness_halfcap_sorted_n2000_B100_classes3_seed2042__few_vars_few_perms_separate__seed8940_nonlin.out,1000.0,6.753959894180298
hardness_halfcap_sorted_n2000_B100_classes3_seed2042__few_vars_few_perms_separate__seed9446_nonlin.out,1000.0,6.65575385093689
hardness_halfcap_sorted_n2000_B100_classes3_seed2042__few_vars_many_perms_linear_x__seed2670_nonlin.out,1000.0,632.0431580543518
hardness_halfcap_sorted_n2000_B100_classes3_seed2042__few_vars_many_perms_linear_x__seed4511_nonlin.out,1000.0,63.70164608955383
hardness_halfcap_sorted_n2000_B100_classes3_seed2042__few_vars_many_perms_linear_x__seed6600_nonlin.out,1000.0,426.97123312950134
hardness_halfcap_sorted_n2000_B100_classes3_seed2042__few_vars_many_perms_linear_x__seed7219_nonlin.out,1000.0,103.45182681083679
hardness_halfcap_sorted_n2000_B100_classes3_seed2042__few_vars_many_perms_linear_x__seed8254_nonlin.out,1000.0,49.78328204154968
hardness_halfcap_sorted_n2000_B100_classes3_seed2042__few_vars_many_perms_linear_x__seed8266_nonlin.out,1000.0,48.33276891708374
hardness_halfcap_sorted_n2000_B100_classes3_seed2042__few_vars_many_perms_linear_x__seed8409_nonlin.out,1000.0,57.131853103637695
hardness_halfcap_sorted_n2000_B100_classes3_seed2042__few_vars_many_perms_linear_x__seed8602_nonlin.out,1000.0,89.88077688217163
hardness_halfcap_sorted_n2000_B100_classes3_seed2042__few_vars_many_perms_linear_x__seed9491_nonlin.out,1000.0,59.46525001525879
hardness_halfcap_sorted_n2000_B100_classes3_seed2042__few_vars_many_perms_linear_x__seed9537_nonlin.out,1000.0,61.143553018569946
hardness_halfcap_sorted_n2000_B100_classes3_seed2042__few_vars_many_perms_linear_y__seed1909_nonlin.out,1000.0,119.06592106819153
hardness_halfcap_sorted_n2000_B100_classes3_seed2042__few_vars_many_perms_linear_y__seed2002_nonlin.out,1000.0,122.21957421302795
hardness_halfcap_sorted_n2000_B100_classes3_seed2042__few_vars_many_perms_linear_y__seed2578_nonlin.out,1000.0,95.27623414993286
hardness_halfcap_sorted_n2000_B100_classes3_seed2042__few_vars_many_perms_linear_y__seed3976_nonlin.out,1000.0,150.60347986221313
hardness_halfcap_sorted_n2000_B100_classes3_seed2042__few_vars_many_perms_linear_y__seed4470_nonlin.out,1000.0,128.75042390823364
hardness_halfcap_sorted_n2000_B100_classes3_seed2042__few_vars_many_perms_linear_y__seed4732_nonlin.out,1000.0,72.85628700256348
hardness_halfcap_sorted_n2000_B100_classes3_seed2042__few_vars_many_perms_linear_y__seed6986_nonlin.out,1000.0,676.7838041782379
hardness_halfcap_sorted_n2000_B100_classes3_seed2042__few_vars_many_perms_linear_y__seed7047_nonlin.out,1000.0,1202.962457895279
hardness_halfcap_sorted_n2000_B100_classes3_seed2042__few_vars_many_perms_linear_y__seed8721_nonlin.out,1000.0,141.59713196754456
hardness_halfcap_sorted_n2000_B100_classes3_seed2042__few_vars_many_perms_linear_y__seed9878_nonlin.out,1000.0,3053.7260999679565
hardness_halfcap_sorted_n2000_B100_classes3_seed2042__few_vars_many_perms_mixed__seed1094_nonlin.out,1000.0,6.225898027420044
hardness_halfcap_sorted_n2000_B100_classes3_seed2042__few_vars_many_perms_mixed__seed2578_nonlin.out,1000.0,6.2135169506073
hardness_halfcap_sorted_n2000_B100_classes3_seed2042__few_vars_many_perms_mixed__seed3369_nonlin.out,1000.0,6.237539052963257
hardness_halfcap_sorted_n2000_B100_classes3_seed2042__few_vars_many_perms_mixed__seed4451_nonlin.out,1000.0,6.1414830684661865
hardness_halfcap_sorted_n2000_B100_classes3_seed2042__few_vars_many_perms_mixed__seed5286_nonlin.out,1000.0,6.193028211593628
hardness_halfcap_sorted_n2000_B100_classes3_seed2042__few_vars_many_perms_mixed__seed6981_nonlin.out,1000.0,6.125872850418091
hardness_halfcap_sorted_n2000_B100_classes3_seed2042__few_vars_many_perms_mixed__seed7123_nonlin.out,1000.0,6.179871082305908
hardness_halfcap_sorted_n2000_B100_classes3_seed2042__few_vars_many_perms_mixed__seed7460_nonlin.out,1000.0,7.0144429206848145
hardness_halfcap_sorted_n2000_B100_classes3_seed2042__few_vars_many_perms_mixed__seed7864_nonlin.out,1000.0,6.236659049987793
hardness_halfcap_sorted_n2000_B100_classes3_seed2042__few_vars_many_perms_mixed__seed9286_nonlin.out,1000.0,6.176661014556885
hardness_halfcap_sorted_n2000_B100_classes3_seed2042__few_vars_many_perms_only_xs__seed1029_nonlin.out,1000.0,6.123924016952515
hardness_halfcap_sorted_n2000_B100_classes3_seed2042__few_vars_many_perms_only_xs__seed1169_nonlin.out,1000.0,6.113268852233887
hardness_halfcap_sorted_n2000_B100_classes3_seed2042__few_vars_many_perms_only_xs__seed2779_nonlin.out,1000.0,6.145341873168945
hardness_halfcap_sorted_n2000_B100_classes3_seed2042__few_vars_many_perms_only_xs__seed2836_nonlin.out,1000.0,6.14010214805603
hardness_halfcap_sorted_n2000_B100_classes3_seed2042__few_vars_many_perms_only_xs__seed3769_nonlin.out,1000.0,6.547615051269531
hardness_halfcap_sorted_n2000_B100_classes3_seed2042__few_vars_many_perms_only_xs__seed4973_nonlin.out,1000.0,905.3230509757996
hardness_halfcap_sorted_n2000_B100_classes3_seed2042__few_vars_many_perms_only_xs__seed6648_nonlin.out,1000.0,6.136389970779419
hardness_halfcap_sorted_n2000_B100_classes3_seed2042__few_vars_many_perms_only_xs__seed8069_nonlin.out,1000.0,6.197096109390259
hardness_halfcap_sorted_n2000_B100_classes3_seed2042__few_vars_many_perms_only_xs__seed8164_nonlin.out,1000.0,6.2010509967803955
hardness_halfcap_sorted_n2000_B100_classes3_seed2042__few_vars_many_perms_only_xs__seed9065_nonlin.out,1000.0,6.106041193008423
hardness_halfcap_sorted_n2000_B100_classes3_seed2042__few_vars_many_perms_only_ys__seed2293_nonlin.out,1000.0,5.951223134994507
hardness_halfcap_sorted_n2000_B100_classes3_seed2042__few_vars_many_perms_only_ys__seed2296_nonlin.out,1000.0,5.838852882385254
hardness_halfcap_sorted_n2000_B100_classes3_seed2042__few_vars_many_perms_only_ys__seed2881_nonlin.out,1000.0,5.886566162109375
hardness_halfcap_sorted_n2000_B100_classes3_seed2042__few_vars_many_perms_only_ys__seed3018_nonlin.out,1000.0,6.314882040023804
hardness_halfcap_sorted_n2000_B100_classes3_seed2042__few_vars_many_perms_only_ys__seed3300_nonlin.out,1000.0,5.8660078048706055
hardness_halfcap_sorted_n2000_B100_classes3_seed2042__few_vars_many_perms_only_ys__seed3790_nonlin.out,1000.0,5.848146915435791
hardness_halfcap_sorted_n2000_B100_classes3_seed2042__few_vars_many_perms_only_ys__seed5927_nonlin.out,1000.0,5.874362945556641
hardness_halfcap_sorted_n2000_B100_classes3_seed2042__few_vars_many_perms_only_ys__seed6414_nonlin.out,1000.0,6.232013940811157
hardness_halfcap_sorted_n2000_B100_classes3_seed2042__few_vars_many_perms_only_ys__seed8869_nonlin.out,1000.0,5.865328073501587
hardness_halfcap_sorted_n2000_B100_classes3_seed2042__few_vars_many_perms_only_ys__seed9605_nonlin.out,1000.0,5.914621114730835
hardness_halfcap_sorted_n2000_B100_classes3_seed2042__few_vars_many_perms_separate__seed1354_nonlin.out,1000.0,6.189234018325806
hardness_halfcap_sorted_n2000_B100_classes3_seed2042__few_vars_many_perms_separate__seed3111_nonlin.out,1000.0,6.217347860336304
hardness_halfcap_sorted_n2000_B100_classes3_seed2042__few_vars_many_perms_separate__seed4166_nonlin.out,1000.0,6.309457063674927
hardness_halfcap_sorted_n2000_B100_classes3_seed2042__few_vars_many_perms_separate__seed5126_nonlin.out,1000.0,6.237130880355835
hardness_halfcap_sorted_n2000_B100_classes3_seed2042__few_vars_many_perms_separate__seed5235_nonlin.out,1000.0,6.283883094787598
hardness_halfcap_sorted_n2000_B100_classes3_seed2042__few_vars_many_perms_separate__seed5570_nonlin.out,1000.0,14.182918071746826
hardness_halfcap_sorted_n2000_B100_classes3_seed2042__few_vars_many_perms_separate__seed6454_nonlin.out,1000.0,6.7461559772491455
hardness_halfcap_sorted_n2000_B100_classes3_seed2042__few_vars_many_perms_separate__seed7953_nonlin.out,1000.0,6.25727391242981
hardness_halfcap_sorted_n2000_B100_classes3_seed2042__few_vars_many_perms_separate__seed8295_nonlin.out,1000.0,6.284433126449585
hardness_halfcap_sorted_n2000_B100_classes3_seed2042__few_vars_many_perms_separate__seed9412_nonlin.out,1000.0,6.300161838531494
hardness_halfcap_sorted_n2000_B100_classes3_seed2042__many_vars_few_perms_linear_x__seed1086_nonlin.out,1000.0,80.90836787223816
hardness_halfcap_sorted_n2000_B100_classes3_seed2042__many_vars_few_perms_linear_x__seed1211_nonlin.out,1000.0,51.677019119262695
hardness_halfcap_sorted_n2000_B100_classes3_seed2042__many_vars_few_perms_linear_x__seed1343_nonlin.out,1000.0,87.82161402702332
hardness_halfcap_sorted_n2000_B100_classes3_seed2042__many_vars_few_perms_linear_x__seed2978_nonlin.out,1000.0,116.16435194015503
hardness_halfcap_sorted_n2000_B100_classes3_seed2042__many_vars_few_perms_linear_x__seed6378_nonlin.out,1000.0,55.69156098365784
hardness_halfcap_sorted_n2000_B100_classes3_seed2042__many_vars_few_perms_linear_x__seed6606_nonlin.out,1000.0,102.49667501449585
hardness_halfcap_sorted_n2000_B100_classes3_seed2042__many_vars_few_perms_linear_x__seed7078_nonlin.out,1000.0,79.43501400947571
hardness_halfcap_sorted_n2000_B100_classes3_seed2042__many_vars_few_perms_linear_x__seed9437_nonlin.out,1000.0,42.653669118881226
hardness_halfcap_sorted_n2000_B100_classes3_seed2042__many_vars_few_perms_linear_x__seed9649_nonlin.out,1000.0,82.03535485267639
hardness_halfcap_sorted_n2000_B100_classes3_seed2042__many_vars_few_perms_linear_x__seed9981_nonlin.out,1000.0,95.04985618591309
hardness_halfcap_sorted_n2000_B100_classes3_seed2042__many_vars_few_perms_linear_y__seed1232_nonlin.out,1000.0,111.43214297294617
hardness_halfcap_sorted_n2000_B100_classes3_seed2042__many_vars_few_perms_linear_y__seed1658_nonlin.out,1000.0,111.67655110359192
hardness_halfcap_sorted_n2000_B100_classes3_seed2042__many_vars_few_perms_linear_y__seed2525_nonlin.out,1000.0,102.0930449962616
hardness_halfcap_sorted_n2000_B100_classes3_seed2042__many_vars_few_perms_linear_y__seed2815_nonlin.out,1000.0,130.27056193351746
hardness_halfcap_sorted_n2000_B100_classes3_seed2042__many_vars_few_perms_linear_y__seed3683_nonlin.out,1000.0,109.96689796447754
hardness_halfcap_sorted_n2000_B100_classes3_seed2042__many_vars_few_perms_linear_y__seed3904_nonlin.out,1000.0,129.28979587554932
hardness_halfcap_sorted_n2000_B100_classes3_seed2042__many_vars_few_perms_linear_y__seed5249_nonlin.out,1000.0,104.82910490036011
hardness_halfcap_sorted_n2000_B100_classes3_seed2042__many_vars_few_perms_linear_y__seed5947_nonlin.out,1000.0,138.47269082069397
hardness_halfcap_sorted_n2000_B100_classes3_seed2042__many_vars_few_perms_linear_y__seed6518_nonlin.out,1000.0,127.967444896698
hardness_halfcap_sorted_n2000_B100_classes3_seed2042__many_vars_few_perms_linear_y__seed7199_nonlin.out,1000.0,106.53768301010132
hardness_halfcap_sorted_n2000_B100_classes3_seed2042__many_vars_few_perms_mixed__seed1489_nonlin.out,1000.0,11.209933042526245
hardness_halfcap_sorted_n2000_B100_classes3_seed2042__many_vars_few_perms_mixed__seed1920_nonlin.out,1000.0,8.267928123474121
hardness_halfcap_sorted_n2000_B100_classes3_seed2042__many_vars_few_perms_mixed__seed4060_nonlin.out,1000.0,9.704329013824463
hardness_halfcap_sorted_n2000_B100_classes3_seed2042__many_vars_few_perms_mixed__seed5566_nonlin.out,1000.0,7.774512052536011
hardness_halfcap_sorted_n2000_B100_classes3_seed2042__many_vars_few_perms_mixed__seed6094_nonlin.out,1000.0,21.53275203704834
hardness_halfcap_sorted_n2000_B100_classes3_seed2042__many_vars_few_perms_mixed__seed6385_nonlin.out,1000.0,7.248994827270508
hardness_halfcap_sorted_n2000_B100_classes3_seed2042__many_vars_few_perms_mixed__seed7009_nonlin.out,1000.0,7.130066156387329
hardness_halfcap_sorted_n2000_B100_classes3_seed2042__many_vars_few_perms_mixed__seed8592_nonlin.out,1000.0,8.945836067199707
hardness_halfcap_sorted_n2000_B100_classes3_seed2042__many_vars_few_perms_mixed__seed8956_nonlin.out,1000.0,6.996449947357178
hardness_halfcap_sorted_n2000_B100_classes3_seed2042__many_vars_few_perms_mixed__seed9495_nonlin.out,1000.0,8.09952712059021
hardness_halfcap_sorted_n2000_B100_classes3_seed2042__many_vars_few_perms_only_xs__seed2127_nonlin.out,1000.0,6.707848072052002
hardness_halfcap_sorted_n2000_B100_classes3_seed2042__many_vars_few_perms_only_xs__seed2921_nonlin.out,1000.0,6.838638782501221
hardness_halfcap_sorted_n2000_B100_classes3_seed2042__many_vars_few_perms_only_xs__seed5386_nonlin.out,1000.0,7.262709856033325
hardness_halfcap_sorted_n2000_B100_classes3_seed2042__many_vars_few_perms_only_xs__seed6140_nonlin.out,1000.0,7.74567985534668
hardness_halfcap_sorted_n2000_B100_classes3_seed2042__many_vars_few_perms_only_xs__seed6980_nonlin.out,1000.0,6.785394191741943
hardness_halfcap_sorted_n2000_B100_classes3_seed2042__many_vars_few_perms_only_xs__seed7859_nonlin.out,1000.0,8.89385199546814
hardness_halfcap_sorted_n2000_B100_classes3_seed2042__many_vars_few_perms_only_xs__seed7967_nonlin.out,1000.0,7.319040060043335
hardness_halfcap_sorted_n2000_B100_classes3_seed2042__many_vars_few_perms_only_xs__seed8687_nonlin.out,1000.0,7.873417139053345
hardness_halfcap_sorted_n2000_B100_classes3_seed2042__many_vars_few_perms_only_xs__seed8752_nonlin.out,1000.0,8.195863008499146
hardness_halfcap_sorted_n2000_B100_classes3_seed2042__many_vars_few_perms_only_xs__seed8937_nonlin.out,1000.0,7.297185897827148
hardness_halfcap_sorted_n2000_B100_classes3_seed2042__many_vars_few_perms_only_ys__seed1038_nonlin.out,1000.0,134.76024794578552
hardness_halfcap_sorted_n2000_B100_classes3_seed2042__many_vars_few_perms_only_ys__seed1072_nonlin.out,1000.0,11.364243984222412
hardness_halfcap_sorted_n2000_B100_classes3_seed2042__many_vars_few_perms_only_ys__seed1348_nonlin.out,1000.0,11.561458110809326
hardness_halfcap_sorted_n2000_B100_classes3_seed2042__many_vars_few_perms_only_ys__seed2145_nonlin.out,1000.0,11.66426396369934
hardness_halfcap_sorted_n2000_B100_classes3_seed2042__many_vars_few_perms_only_ys__seed2595_nonlin.out,1000.0,11.890995025634766
hardness_halfcap_sorted_n2000_B100_classes3_seed2042__many_vars_few_perms_only_ys__seed4234_nonlin.out,1000.0,11.984586000442505
hardness_halfcap_sorted_n2000_B100_classes3_seed2042__many_vars_few_perms_only_ys__seed5666_nonlin.out,1000.0,11.95252513885498
hardness_halfcap_sorted_n2000_B100_classes3_seed2042__many_vars_few_perms_only_ys__seed6795_nonlin.out,1000.0,12.809957027435303
hardness_halfcap_sorted_n2000_B100_classes3_seed2042__many_vars_few_perms_only_ys__seed7737_nonlin.out,1000.0,16.73112201690674
hardness_halfcap_sorted_n2000_B100_classes3_seed2042__many_vars_few_perms_only_ys__seed9011_nonlin.out,1000.0,11.28842306137085
hardness_halfcap_sorted_n2000_B100_classes3_seed2042__many_vars_few_perms_separate__seed1082_nonlin.out,1000.0,112.10073685646057
hardness_halfcap_sorted_n2000_B100_classes3_seed2042__many_vars_few_perms_separate__seed3638_nonlin.out,1000.0,9.847776889801025
hardness_halfcap_sorted_n2000_B100_classes3_seed2042__many_vars_few_perms_separate__seed3735_nonlin.out,1000.0,7.389521837234497
hardness_halfcap_sorted_n2000_B100_classes3_seed2042__many_vars_few_perms_separate__seed3906_nonlin.out,1000.0,8.674907207489014
hardness_halfcap_sorted_n2000_B100_classes3_seed2042__many_vars_few_perms_separate__seed4313_nonlin.out,1000.0,8.044939041137695
hardness_halfcap_sorted_n2000_B100_classes3_seed2042__many_vars_few_perms_separate__seed5159_nonlin.out,1000.0,6.772716999053955
hardness_halfcap_sorted_n2000_B100_classes3_seed2042__many_vars_few_perms_separate__seed7046_nonlin.out,1000.0,10.933603048324585
hardness_halfcap_sorted_n2000_B100_classes3_seed2042__many_vars_few_perms_separate__seed7320_nonlin.out,1000.0,66.81602215766907
hardness_halfcap_sorted_n2000_B100_classes3_seed2042__many_vars_few_perms_separate__seed8405_nonlin.out,1000.0,7.50298810005188
hardness_halfcap_sorted_n2000_B100_classes3_seed2042__many_vars_few_perms_separate__seed9494_nonlin.out,1000.0,15.502324104309082
hardness_halfcap_sorted_n2000_B100_classes3_seed2042__thousand_vars_few_perms_linear_x__seed3449_nonlin.out,1000.0,98.48124980926514
hardness_halfcap_sorted_n2000_B100_classes3_seed2042__thousand_vars_few_perms_linear_x__seed4992_nonlin.out,1000.0,113.67293500900269
hardness_halfcap_sorted_n2000_B100_classes3_seed2042__thousand_vars_few_perms_linear_x__seed5171_nonlin.out,1000.0,99.22126007080078
hardness_halfcap_sorted_n2000_B100_classes3_seed2042__thousand_vars_few_perms_linear_x__seed5478_nonlin.out,1000.0,129.14011597633362
hardness_halfcap_sorted_n2000_B100_classes3_seed2042__thousand_vars_few_perms_linear_x__seed5531_nonlin.out,1000.0,96.08110189437866
hardness_halfcap_sorted_n2000_B100_classes3_seed2042__thousand_vars_few_perms_linear_x__seed6619_nonlin.out,1000.0,168.18284106254578
hardness_halfcap_sorted_n2000_B100_classes3_seed2042__thousand_vars_few_perms_linear_x__seed7525_nonlin.out,1000.0,139.07886004447937
hardness_halfcap_sorted_n2000_B100_classes3_seed2042__thousand_vars_few_perms_linear_x__seed7906_nonlin.out,1000.0,82.337149143219
hardness_halfcap_sorted_n2000_B100_classes3_seed2042__thousand_vars_few_perms_linear_x__seed8423_nonlin.out,1000.0,538.1039261817932
hardness_halfcap_sorted_n2000_B100_classes3_seed2042__thousand_vars_few_perms_linear_x__seed9029_nonlin.out,1000.0,127.62561392784119
hardness_halfcap_sorted_n2000_B100_classes3_seed2042__thousand_vars_few_perms_linear_y__seed1153_nonlin.out,1000.0,16.25558304786682
hardness_halfcap_sorted_n2000_B100_classes3_seed2042__thousand_vars_few_perms_linear_y__seed1160_nonlin.out,1000.0,18.886017084121704
hardness_halfcap_sorted_n2000_B100_classes3_seed2042__thousand_vars_few_perms_linear_y__seed1172_nonlin.out,1000.0,15.026677131652832
hardness_halfcap_sorted_n2000_B100_classes3_seed2042__thousand_vars_few_perms_linear_y__seed2464_nonlin.out,1000.0,9.160773992538452
hardness_halfcap_sorted_n2000_B100_classes3_seed2042__thousand_vars_few_perms_linear_y__seed2540_nonlin.out,1000.0,17.15167784690857
hardness_halfcap_sorted_n2000_B100_classes3_seed2042__thousand_vars_few_perms_linear_y__seed4159_nonlin.out,1000.0,17.007122039794922
hardness_halfcap_sorted_n2000_B100_classes3_seed2042__thousand_vars_few_perms_linear_y__seed5434_nonlin.out,1000.0,9.616384029388428
hardness_halfcap_sorted_n2000_B100_classes3_seed2042__thousand_vars_few_perms_linear_y__seed5670_nonlin.out,1000.0,13.714643955230713
hardness_halfcap_sorted_n2000_B100_classes3_seed2042__thousand_vars_few_perms_linear_y__seed9487_nonlin.out,1000.0,13.728107213973999
hardness_halfcap_sorted_n2000_B100_classes3_seed2042__thousand_vars_few_perms_linear_y__seed9706_nonlin.out,1000.0,16.44048500061035
hardness_halfcap_sorted_n2000_B100_classes3_seed2042__thousand_vars_few_perms_mixed__seed1483_nonlin.out,1000.0,14.804370880126953
hardness_halfcap_sorted_n2000_B100_classes3_seed2042__thousand_vars_few_perms_mixed__seed2098_nonlin.out,1000.0,135.76209497451782
hardness_halfcap_sorted_n2000_B100_classes3_seed2042__thousand_vars_few_perms_mixed__seed3208_nonlin.out,1000.0,20.861622095108032
hardness_halfcap_sorted_n2000_B100_classes3_seed2042__thousand_vars_few_perms_mixed__seed3991_nonlin.out,1000.0,14.491546869277954
hardness_halfcap_sorted_n2000_B100_classes3_seed2042__thousand_vars_few_perms_mixed__seed4494_nonlin.out,1000.0,17.5641028881073
hardness_halfcap_sorted_n2000_B100_classes3_seed2042__thousand_vars_few_perms_mixed__seed4727_nonlin.out,1000.0,15.121845960617065
hardness_halfcap_sorted_n2000_B100_classes3_seed2042__thousand_vars_few_perms_mixed__seed4860_nonlin.out,1000.0,13.536556005477905
hardness_halfcap_sorted_n2000_B100_classes3_seed2042__thousand_vars_few_perms_mixed__seed4967_nonlin.out,1000.0,16.427915811538696
hardness_halfcap_sorted_n2000_B100_classes3_seed2042__thousand_vars_few_perms_mixed__seed5341_nonlin.out,1000.0,18.663612842559814
hardness_halfcap_sorted_n2000_B100_classes3_seed2042__thousand_vars_few_perms_mixed__seed6500_nonlin.out,1000.0,14.932178974151611
hardness_halfcap_sorted_n2000_B100_classes3_seed2042__thousand_vars_few_perms_only_xs__seed1242_nonlin.out,1000.0,16.522297143936157
hardness_halfcap_sorted_n2000_B100_classes3_seed2042__thousand_vars_few_perms_only_xs__seed2415_nonlin.out,1000.0,108.34873700141907
hardness_halfcap_sorted_n2000_B100_classes3_seed2042__thousand_vars_few_perms_only_xs__seed2877_nonlin.out,1000.0,17.301208019256592
hardness_halfcap_sorted_n2000_B100_classes3_seed2042__thousand_vars_few_perms_only_xs__seed4339_nonlin.out,1000.0,26.201959133148193
hardness_halfcap_sorted_n2000_B100_classes3_seed2042__thousand_vars_few_perms_only_xs__seed5680_nonlin.out,1000.0,21.931972980499268
hardness_halfcap_sorted_n2000_B100_classes3_seed2042__thousand_vars_few_perms_only_xs__seed6243_nonlin.out,1000.0,22.251574993133545
hardness_halfcap_sorted_n2000_B100_classes3_seed2042__thousand_vars_few_perms_only_xs__seed7621_nonlin.out,1000.0,20.61864995956421
hardness_halfcap_sorted_n2000_B100_classes3_seed2042__thousand_vars_few_perms_only_xs__seed7642_nonlin.out,1000.0,17.126623153686523
hardness_halfcap_sorted_n2000_B100_classes3_seed2042__thousand_vars_few_perms_only_xs__seed9250_nonlin.out,1000.0,16.94875192642212
hardness_halfcap_sorted_n2000_B100_classes3_seed2042__thousand_vars_few_perms_only_xs__seed9773_nonlin.out,1000.0,9.463766813278198
hardness_halfcap_sorted_n2000_B100_classes3_seed2042__thousand_vars_few_perms_only_ys__seed2054_nonlin.out,1000.0,149.12298393249512
hardness_halfcap_sorted_n2000_B100_classes3_seed2042__thousand_vars_few_perms_only_ys__seed2599_nonlin.out,1000.0,222.03567004203796
hardness_halfcap_sorted_n2000_B100_classes3_seed2042__thousand_vars_few_perms_only_ys__seed2632_nonlin.out,1000.0,3262.458284139633
hardness_halfcap_sorted_n2000_B100_classes3_seed2042__thousand_vars_few_perms_only_ys__seed2713_nonlin.out,1000.0,2503.9064280986786
hardness_halfcap_sorted_n2000_B100_classes3_seed2042__thousand_vars_few_perms_only_ys__seed3848_nonlin.out,1000.0,1095.528527021408
hardness_halfcap_sorted_n2000_B100_classes3_seed2042__thousand_vars_few_perms_only_ys__seed4139_nonlin.out,1000.0,192.93200206756592
hardness_halfcap_sorted_n2000_B100_classes3_seed2042__thousand_vars_few_perms_only_ys__seed4846_nonlin.out,1000.0,153.67107105255127
hardness_halfcap_sorted_n2000_B100_classes3_seed2042__thousand_vars_few_perms_only_ys__seed6710_nonlin.out,1000.0,145.70686507225037
hardness_halfcap_sorted_n2000_B100_classes3_seed2042__thousand_vars_few_perms_only_ys__seed7962_nonlin.out,1000.0,158.28237009048462
hardness_halfcap_sorted_n2000_B100_classes3_seed2042__thousand_vars_few_perms_only_ys__seed9577_nonlin.out,1000.0,192.03034710884094
hardness_halfcap_sorted_n2000_B100_classes3_seed2042__thousand_vars_few_perms_separate__seed1364_nonlin.out,1000.0,174.64374995231628
hardness_halfcap_sorted_n2000_B100_classes3_seed2042__thousand_vars_few_perms_separate__seed2158_nonlin.out,1000.0,134.05514287948608
hardness_halfcap_sorted_n2000_B100_classes3_seed2042__thousand_vars_few_perms_separate__seed2859_nonlin.out,1000.0,89.92249584197998
hardness_halfcap_sorted_n2000_B100_classes3_seed2042__thousand_vars_few_perms_separate__seed4900_nonlin.out,1000.0,247.19797110557556
hardness_halfcap_sorted_n2000_B100_classes3_seed2042__thousand_vars_few_perms_separate__seed5552_nonlin.out,1000.0,162.24614906311035
hardness_halfcap_sorted_n2000_B100_classes3_seed2042__thousand_vars_few_perms_separate__seed5570_nonlin.out,1000.0,201.65009784698486
hardness_halfcap_sorted_n2000_B100_classes3_seed2042__thousand_vars_few_perms_separate__seed6674_nonlin.out,1000.0,13.010823965072632
hardness_halfcap_sorted_n2000_B100_classes3_seed2042__thousand_vars_few_perms_separate__seed6751_nonlin.out,1000.0,9.970803022384644
hardness_halfcap_sorted_n2000_B100_classes3_seed2042__thousand_vars_few_perms_separate__seed6818_nonlin.out,1000.0,265.7318060398102
hardness_halfcap_sorted_n2000_B100_classes3_seed2042__thousand_vars_few_perms_separate__seed7979_nonlin.out,1000.0,184.71857976913452
